{
    "Initial states": "(x == 251)",
    "Number of iterations": 1,
    "Epsilon": 0.05,
    "Eta": 0.05,
    "Delta": 0.1,
    "Total number of phases": 6,
    "Total number of splits": 34,
    "Total number of prune": 0,
    "Total DistEstimate time": 1.0182745456695557,
    "Total Validifier time": 28.321977853775024,
    "Total TreeLearner time": 3.8316807746887207,
    "Total time (seconds)": 33.1719331741333,
    "Final DistEstimate_value": 0.0,
    "Final Validifier_value": 0.0,
    "Height of final tree": 33,
    "Number of DNF terms in candidate": 5,
    "Final simplified candidate": "flip = 1, x in [251, 267)",
    "Final candidate": "(!x18 && !x24 && !x14 && !x21 && !x25 && !x11 && !x28 && !x26 && !x17 && !x30 && !x9 && !x16 && flip && !x22 && !x12 && !x23 && !x27 && !x10 && !x31 && !x15 && !x29 && !x20 && !x19 && !x13 && !x5 && x8 && !x7 && !x4 && !x6 && !x3) || (!x18 && !x24 && !x14 && !x21 && !x25 && !x11 && !x28 && !x26 && !x17 && !x30 && !x9 && !x16 && flip && !x22 && !x12 && !x23 && !x27 && !x10 && !x31 && !x15 && !x29 && !x20 && !x19 && !x13 && !x5 && x8 && !x7 && !x4 && !x6 && x3 && !x2 && !x0) || (!x18 && !x24 && !x14 && !x21 && !x25 && !x11 && !x28 && !x26 && !x17 && !x30 && !x9 && !x16 && flip && !x22 && !x12 && !x23 && !x27 && !x10 && !x31 && !x15 && !x29 && !x20 && !x19 && !x13 && !x5 && x8 && !x7 && !x4 && !x6 && x3 && !x2 && x0 && !x1) || (!x18 && !x24 && !x14 && !x21 && !x25 && !x11 && !x28 && !x26 && !x17 && !x30 && !x9 && !x16 && flip && !x22 && !x12 && !x23 && !x27 && !x10 && !x31 && !x15 && !x29 && !x20 && !x19 && !x13 && x5 && x4 && x6 && x3 && x7 && !x8 && !x2 && x1 && x0) || (!x18 && !x24 && !x14 && !x21 && !x25 && !x11 && !x28 && !x26 && !x17 && !x30 && !x9 && !x16 && flip && !x22 && !x12 && !x23 && !x27 && !x10 && !x31 && !x15 && !x29 && !x20 && !x19 && !x13 && x5 && x4 && x6 && x3 && x7 && !x8 && x2)"
}