{
    "Initial states": "(x == 251)",
    "Number of iterations": 1,
    "Epsilon": 0.05,
    "Eta": 0.05,
    "Delta": 0.1,
    "Total number of phases": 6,
    "Total number of splits": 21,
    "Total number of prune": 0,
    "Total DistEstimate time": 0.9068312644958496,
    "Total Validifier time": 38.37970757484436,
    "Total TreeLearner time": 2.5555906295776367,
    "Total time (seconds)": 41.84212946891785,
    "Final DistEstimate_value": 0.0,
    "Final Validifier_value": 0.02,
    "Height of final tree": 25,
    "Number of DNF terms in candidate": 4,
    "Final simplified candidate": "flip = 1, x in [256, 2304)",
    "Final candidate": "(!x20 && !x17 && !x26 && !x18 && !x28 && !x12 && flip && !x22 && !x16 && !x24 && !x19 && !x31 && !x29 && !x15 && !x21 && !x30 && !x13 && !x23 && !x25 && !x27 && !x14 && !x11 && !x10 && !x9 && x8) || (!x20 && !x17 && !x26 && !x18 && !x28 && !x12 && flip && !x22 && !x16 && !x24 && !x19 && !x31 && !x29 && !x15 && !x21 && !x30 && !x13 && !x23 && !x25 && !x27 && !x14 && !x11 && !x10 && x9) || (!x20 && !x17 && !x26 && !x18 && !x28 && !x12 && flip && !x22 && !x16 && !x24 && !x19 && !x31 && !x29 && !x15 && !x21 && !x30 && !x13 && !x23 && !x25 && !x27 && !x14 && !x11 && x10) || (!x20 && !x17 && !x26 && !x18 && !x28 && !x12 && flip && !x22 && !x16 && !x24 && !x19 && !x31 && !x29 && !x15 && !x21 && !x30 && !x13 && !x23 && !x25 && !x27 && !x14 && x11 && !x8 && !x9 && !x10)"
}