{
    "Initial states": "(x == 251)",
    "Number of iterations": 1,
    "Epsilon": 0.05,
    "Eta": 0.05,
    "Delta": 0.1,
    "Total number of phases": 7,
    "Total number of splits": 32,
    "Total number of prune": 0,
    "Total DistEstimate time": 1.1677608489990234,
    "Total Validifier time": 35.0808527469635,
    "Total TreeLearner time": 3.2954177856445312,
    "Total time (seconds)": 39.544031381607056,
    "Final DistEstimate_value": 0.03500000000000003,
    "Final Validifier_value": 0.0,
    "Height of final tree": 33,
    "Number of DNF terms in candidate": 5,
    "Final simplified candidate": "flip = 1, x in [252, 283)",
    "Final candidate": "(!x20 && !x30 && !x13 && !x27 && !x26 && !x29 && flip && !x16 && !x31 && !x19 && !x23 && !x14 && !x17 && !x15 && !x25 && !x18 && !x11 && !x10 && !x21 && !x22 && !x12 && !x28 && !x9 && !x24 && !x6 && !x7 && !x5 && x8 && !x4) || (!x20 && !x30 && !x13 && !x27 && !x26 && !x29 && flip && !x16 && !x31 && !x19 && !x23 && !x14 && !x17 && !x15 && !x25 && !x18 && !x11 && !x10 && !x21 && !x22 && !x12 && !x28 && !x9 && !x24 && !x6 && !x7 && !x5 && x8 && x4 && !x3) || (!x20 && !x30 && !x13 && !x27 && !x26 && !x29 && flip && !x16 && !x31 && !x19 && !x23 && !x14 && !x17 && !x15 && !x25 && !x18 && !x11 && !x10 && !x21 && !x22 && !x12 && !x28 && !x9 && !x24 && !x6 && !x7 && !x5 && x8 && x4 && x3 && !x2 && !x0) || (!x20 && !x30 && !x13 && !x27 && !x26 && !x29 && flip && !x16 && !x31 && !x19 && !x23 && !x14 && !x17 && !x15 && !x25 && !x18 && !x11 && !x10 && !x21 && !x22 && !x12 && !x28 && !x9 && !x24 && !x6 && !x7 && !x5 && x8 && x4 && x3 && !x2 && x0 && !x1) || (!x20 && !x30 && !x13 && !x27 && !x26 && !x29 && flip && !x16 && !x31 && !x19 && !x23 && !x14 && !x17 && !x15 && !x25 && !x18 && !x11 && !x10 && !x21 && !x22 && !x12 && !x28 && !x9 && !x24 && x6 && x7 && x4 && !x8 && x3 && x5 && x2)"
}