{
    "Initial states": "(x == 251)",
    "Number of iterations": 1,
    "Epsilon": 0.05,
    "Eta": 0.05,
    "Delta": 0.1,
    "Total number of phases": 6,
    "Total number of splits": 20,
    "Total number of prune": 0,
    "Total DistEstimate time": 1.0831284523010254,
    "Total Validifier time": 38.580788135528564,
    "Total TreeLearner time": 2.0338704586029053,
    "Total time (seconds)": 41.697787046432495,
    "Final DistEstimate_value": 0.0033333333333332993,
    "Final Validifier_value": 0.0016666666666666668,
    "Height of final tree": 25,
    "Number of DNF terms in candidate": 3,
    "Final simplified candidate": "flip = 1, x in [256, 1280)",
    "Final candidate": "(!x25 && !x28 && !x30 && flip && !x21 && !x17 && !x27 && !x22 && !x20 && !x15 && !x18 && !x31 && !x13 && !x23 && !x11 && !x26 && !x19 && !x16 && !x29 && !x12 && !x14 && !x24 && !x10 && !x8 && x9) || (!x25 && !x28 && !x30 && flip && !x21 && !x17 && !x27 && !x22 && !x20 && !x15 && !x18 && !x31 && !x13 && !x23 && !x11 && !x26 && !x19 && !x16 && !x29 && !x12 && !x14 && !x24 && !x10 && x8) || (!x25 && !x28 && !x30 && flip && !x21 && !x17 && !x27 && !x22 && !x20 && !x15 && !x18 && !x31 && !x13 && !x23 && !x11 && !x26 && !x19 && !x16 && !x29 && !x12 && !x14 && !x24 && x10 && !x9 && !x8)"
}