{
    "Initial states": "(x == 251)",
    "Number of iterations": 1,
    "Epsilon": 0.05,
    "Eta": 0.05,
    "Delta": 0.1,
    "Total number of phases": 7,
    "Total number of splits": 31,
    "Total number of prune": 0,
    "Total DistEstimate time": 1.1312060356140137,
    "Total Validifier time": 33.92496466636658,
    "Total TreeLearner time": 3.619960308074951,
    "Total time (seconds)": 38.67613101005554,
    "Final DistEstimate_value": 0.021666666666666612,
    "Final Validifier_value": 0.0,
    "Height of final tree": 33,
    "Number of DNF terms in candidate": 6,
    "Final simplified candidate": "flip = 1, x in [251, 376)",
    "Final candidate": "(!x15 && flip && !x31 && !x28 && !x18 && !x10 && !x27 && !x22 && !x29 && !x11 && !x14 && !x26 && !x9 && !x30 && !x20 && !x19 && !x24 && !x23 && !x17 && !x13 && !x12 && !x16 && !x25 && !x21 && !x8 && x4 && x5 && x6 && x7 && x3 && !x2 && x1 && x0) || (!x15 && flip && !x31 && !x28 && !x18 && !x10 && !x27 && !x22 && !x29 && !x11 && !x14 && !x26 && !x9 && !x30 && !x20 && !x19 && !x24 && !x23 && !x17 && !x13 && !x12 && !x16 && !x25 && !x21 && !x8 && x4 && x5 && x6 && x7 && x3 && x2) || (!x15 && flip && !x31 && !x28 && !x18 && !x10 && !x27 && !x22 && !x29 && !x11 && !x14 && !x26 && !x9 && !x30 && !x20 && !x19 && !x24 && !x23 && !x17 && !x13 && !x12 && !x16 && !x25 && !x21 && x8 && !x7 && !x6) || (!x15 && flip && !x31 && !x28 && !x18 && !x10 && !x27 && !x22 && !x29 && !x11 && !x14 && !x26 && !x9 && !x30 && !x20 && !x19 && !x24 && !x23 && !x17 && !x13 && !x12 && !x16 && !x25 && !x21 && x8 && !x7 && x6 && !x4) || (!x15 && flip && !x31 && !x28 && !x18 && !x10 && !x27 && !x22 && !x29 && !x11 && !x14 && !x26 && !x9 && !x30 && !x20 && !x19 && !x24 && !x23 && !x17 && !x13 && !x12 && !x16 && !x25 && !x21 && x8 && !x7 && x6 && x4 && !x3) || (!x15 && flip && !x31 && !x28 && !x18 && !x10 && !x27 && !x22 && !x29 && !x11 && !x14 && !x26 && !x9 && !x30 && !x20 && !x19 && !x24 && !x23 && !x17 && !x13 && !x12 && !x16 && !x25 && !x21 && x8 && !x7 && x6 && x4 && x3 && !x5)"
}