{
    "Initial states": "(x == 251)",
    "Number of iterations": 1,
    "Epsilon": 0.05,
    "Eta": 0.05,
    "Delta": 0.1,
    "Total number of phases": 6,
    "Total number of splits": 18,
    "Total number of prune": 0,
    "Total DistEstimate time": 1.0064241886138916,
    "Total Validifier time": 38.992371797561646,
    "Total TreeLearner time": 2.2014241218566895,
    "Total time (seconds)": 42.20022010803223,
    "Final DistEstimate_value": 0.013333333333333308,
    "Final Validifier_value": 0.02666666666666667,
    "Height of final tree": 25,
    "Number of DNF terms in candidate": 1,
    "Final simplified candidate": "['flip = 1, x in [256, 512)']",
    "Final candidate": "(!x22 && !x20 && !x17 && !x31 && !x11 && !x25 && !x24 && !x14 && !x12 && !x27 && !x10 && !x15 && !x9 && !x26 && !x21 && !x23 && !x19 && !x28 && !x29 && !x16 && !x30 && !x18 && !x13 && flip && x8)"
}