{
    "Initial states": "(x == 251)",
    "Number of iterations": 1,
    "Epsilon": 0.05,
    "Eta": 0.05,
    "Delta": 0.1,
    "Total number of phases": 7,
    "Total number of splits": 22,
    "Total number of prune": 0,
    "Total DistEstimate time": 1.275585651397705,
    "Total Validifier time": 44.95575141906738,
    "Total TreeLearner time": 2.7007696628570557,
    "Total time (seconds)": 48.932106733322144,
    "Final DistEstimate_value": 0.0,
    "Final Validifier_value": 0.02,
    "Height of final tree": 25,
    "Number of DNF terms in candidate": 5,
    "Final simplified candidate": "flip = 1, x in [256, 4352)",
    "Final candidate": "(!x27 && !x20 && !x19 && !x14 && !x26 && !x16 && !x23 && !x29 && !x18 && !x25 && !x17 && !x24 && !x22 && !x13 && !x15 && !x31 && !x30 && flip && !x28 && !x21 && !x12 && !x10 && !x9 && !x8 && x11) || (!x27 && !x20 && !x19 && !x14 && !x26 && !x16 && !x23 && !x29 && !x18 && !x25 && !x17 && !x24 && !x22 && !x13 && !x15 && !x31 && !x30 && flip && !x28 && !x21 && !x12 && !x10 && !x9 && x8) || (!x27 && !x20 && !x19 && !x14 && !x26 && !x16 && !x23 && !x29 && !x18 && !x25 && !x17 && !x24 && !x22 && !x13 && !x15 && !x31 && !x30 && flip && !x28 && !x21 && !x12 && !x10 && x9) || (!x27 && !x20 && !x19 && !x14 && !x26 && !x16 && !x23 && !x29 && !x18 && !x25 && !x17 && !x24 && !x22 && !x13 && !x15 && !x31 && !x30 && flip && !x28 && !x21 && !x12 && x10) || (!x27 && !x20 && !x19 && !x14 && !x26 && !x16 && !x23 && !x29 && !x18 && !x25 && !x17 && !x24 && !x22 && !x13 && !x15 && !x31 && !x30 && flip && !x28 && !x21 && x12 && !x8 && !x10 && !x9 && !x11)"
}