{
    "Initial states": "(x == 251)",
    "Number of iterations": 1,
    "Epsilon": 0.05,
    "Eta": 0.05,
    "Delta": 0.1,
    "Total number of phases": 6,
    "Total number of splits": 21,
    "Total number of prune": 0,
    "Total DistEstimate time": 1.8685362339019775,
    "Total Validifier time": 18.515989542007446,
    "Total TreeLearner time": 2.6687586307525635,
    "Total time (seconds)": 23.053284406661987,
    "Final DistEstimate_value": 0.0050000000000000044,
    "Final Validifier_value": 0.0016666666666666668,
    "Height of final tree": 25,
    "Number of DNF terms in candidate": 4,
    "Final simplified candidate": "flip = 1, x in [256, 2304)",
    "Final candidate": "(!x26 && !x17 && !x15 && !x21 && !x27 && flip && !x12 && !x30 && !x28 && !x25 && !x22 && !x16 && !x20 && !x19 && !x24 && !x23 && !x18 && !x13 && !x31 && !x29 && !x14 && !x11 && !x10 && !x9 && x8) || (!x26 && !x17 && !x15 && !x21 && !x27 && flip && !x12 && !x30 && !x28 && !x25 && !x22 && !x16 && !x20 && !x19 && !x24 && !x23 && !x18 && !x13 && !x31 && !x29 && !x14 && !x11 && !x10 && x9) || (!x26 && !x17 && !x15 && !x21 && !x27 && flip && !x12 && !x30 && !x28 && !x25 && !x22 && !x16 && !x20 && !x19 && !x24 && !x23 && !x18 && !x13 && !x31 && !x29 && !x14 && !x11 && x10) || (!x26 && !x17 && !x15 && !x21 && !x27 && flip && !x12 && !x30 && !x28 && !x25 && !x22 && !x16 && !x20 && !x19 && !x24 && !x23 && !x18 && !x13 && !x31 && !x29 && !x14 && x11 && !x8 && !x9 && !x10)"
}