{
    "Initial states": "(x == 251)",
    "Number of iterations": 1,
    "Epsilon": 0.05,
    "Eta": 0.05,
    "Delta": 0.1,
    "Total number of phases": 5,
    "Total number of splits": 12,
    "Total number of prune": 0,
    "Total DistEstimate time": 1.405970811843872,
    "Total Validifier time": 16.488830089569092,
    "Total TreeLearner time": 1.7630760669708252,
    "Total time (seconds)": 19.65787696838379,
    "Final DistEstimate_value": 0.015000000000000013,
    "Final Validifier_value": 0.006666666666666667,
    "Height of final tree": 19,
    "Number of DNF terms in candidate": 1,
    "Final simplified candidate": "['flip = 1, x in [0, 16384)']",
    "Final candidate": "(!x17 && flip && !x24 && !x20 && !x16 && !x23 && !x19 && !x25 && !x27 && !x31 && !x26 && !x30 && !x22 && !x14 && !x18 && !x29 && !x15 && !x21 && !x28)"
}