{
    "Initial states": "(x == 251)",
    "Number of iterations": 1,
    "Epsilon": 0.05,
    "Eta": 0.05,
    "Delta": 0.1,
    "Total number of phases": 1,
    "Total number of splits": 0,
    "Total number of prune": 0,
    "Total DistEstimate time": 0.17192721366882324,
    "Total Validifier time": 0.8586759567260742,
    "Total TreeLearner time": 0.006317853927612305,
    "Total time (seconds)": 1.0369210243225098,
    "Final DistEstimate_value": 0.0,
    "Final Validifier_value": 0.0,
    "Height of final tree": 33,
    "Number of DNF terms in candidate": 64,
    "Final simplified candidate": "flip = 1, x in [251, 315)",
    "Final candidate": "(!x31 && !x30 && !x29 && !x28 && !x27 && !x26 && !x25 && !x24 && !x23 && !x22 && !x21 && !x20 && !x19 && !x18 && !x17 && !x16 && !x15 && !x14 && !x13 && !x12 && !x11 && !x10 && !x9 && x8 && !x7 && !x6 && x5 && x4 && x3 && !x2 && !x1 && !x0 && flip) || (!x31 && !x30 && !x29 && !x28 && !x27 && !x26 && !x25 && !x24 && !x23 && !x22 && !x21 && !x20 && !x19 && !x18 && !x17 && !x16 && !x15 && !x14 && !x13 && !x12 && !x11 && !x10 && !x9 && x8 && !x7 && !x6 && x5 && x4 && x3 && !x2 && x1 && !x0 && flip) || (!x31 && !x30 && !x29 && !x28 && !x27 && !x26 && !x25 && !x24 && !x23 && !x22 && !x21 && !x20 && !x19 && !x18 && !x17 && !x16 && !x15 && !x14 && !x13 && !x12 && !x11 && !x10 && !x9 && x8 && !x7 && !x6 && !x5 && !x4 && x3 && !x2 && x1 && x0 && flip) || (!x31 && !x30 && !x29 && !x28 && !x27 && !x26 && !x25 && !x24 && !x23 && !x22 && !x21 && !x20 && !x19 && !x18 && !x17 && !x16 && !x15 && !x14 && !x13 && !x12 && !x11 && !x10 && !x9 && x8 && !x7 && !x6 && !x5 && !x4 && x3 && x2 && !x1 && !x0 && flip) || (!x31 && !x30 && !x29 && !x28 && !x27 && !x26 && !x25 && !x24 && !x23 && !x22 && !x21 && !x20 && !x19 && !x18 && !x17 && !x16 && !x15 && !x14 && !x13 && !x12 && !x11 && !x10 && !x9 && x8 && !x7 && !x6 && !x5 && x4 && !x3 && !x2 && x1 && x0 && flip) || (!x31 && !x30 && !x29 && !x28 && !x27 && !x26 && !x25 && !x24 && !x23 && !x22 && !x21 && !x20 && !x19 && !x18 && !x17 && !x16 && !x15 && !x14 && !x13 && !x12 && !x11 && !x10 && !x9 && x8 && !x7 && !x6 && x5 && x4 && !x3 && !x2 && x1 && !x0 && flip) || (!x31 && !x30 && !x29 && !x28 && !x27 && !x26 && !x25 && !x24 && !x23 && !x22 && !x21 && !x20 && !x19 && !x18 && !x17 && !x16 && !x15 && !x14 && !x13 && !x12 && !x11 && !x10 && !x9 && x8 && !x7 && !x6 && x5 && x4 && !x3 && !x2 && !x1 && x0 && flip) || (!x31 && !x30 && !x29 && !x28 && !x27 && !x26 && !x25 && !x24 && !x23 && !x22 && !x21 && !x20 && !x19 && !x18 && !x17 && !x16 && !x15 && !x14 && !x13 && !x12 && !x11 && !x10 && !x9 && !x8 && x7 && x6 && x5 && x4 && x3 && x2 && !x1 && x0 && flip) || (!x31 && !x30 && !x29 && !x28 && !x27 && !x26 && !x25 && !x24 && !x23 && !x22 && !x21 && !x20 && !x19 && !x18 && !x17 && !x16 && !x15 && !x14 && !x13 && !x12 && !x11 && !x10 && !x9 && x8 && !x7 && !x6 && !x5 && x4 && x3 && !x2 && x1 && !x0 && flip) || (!x31 && !x30 && !x29 && !x28 && !x27 && !x26 && !x25 && !x24 && !x23 && !x22 && !x21 && !x20 && !x19 && !x18 && !x17 && !x16 && !x15 && !x14 && !x13 && !x12 && !x11 && !x10 && !x9 && x8 && !x7 && !x6 && !x5 && !x4 && !x3 && !x2 && x1 && !x0 && flip) || (!x31 && !x30 && !x29 && !x28 && !x27 && !x26 && !x25 && !x24 && !x23 && !x22 && !x21 && !x20 && !x19 && !x18 && !x17 && !x16 && !x15 && !x14 && !x13 && !x12 && !x11 && !x10 && !x9 && x8 && !x7 && !x6 && !x5 && !x4 && !x3 && !x2 && !x1 && !x0 && flip) || (!x31 && !x30 && !x29 && !x28 && !x27 && !x26 && !x25 && !x24 && !x23 && !x22 && !x21 && !x20 && !x19 && !x18 && !x17 && !x16 && !x15 && !x14 && !x13 && !x12 && !x11 && !x10 && !x9 && x8 && !x7 && !x6 && !x5 && !x4 && x3 && x2 && x1 && x0 && flip) || (!x31 && !x30 && !x29 && !x28 && !x27 && !x26 && !x25 && !x24 && !x23 && !x22 && !x21 && !x20 && !x19 && !x18 && !x17 && !x16 && !x15 && !x14 && !x13 && !x12 && !x11 && !x10 && !x9 && x8 && !x7 && !x6 && !x5 && !x4 && !x3 && !x2 && !x1 && x0 && flip) || (!x31 && !x30 && !x29 && !x28 && !x27 && !x26 && !x25 && !x24 && !x23 && !x22 && !x21 && !x20 && !x19 && !x18 && !x17 && !x16 && !x15 && !x14 && !x13 && !x12 && !x11 && !x10 && !x9 && x8 && !x7 && !x6 && !x5 && x4 && !x3 && x2 && !x1 && !x0 && flip) || (!x31 && !x30 && !x29 && !x28 && !x27 && !x26 && !x25 && !x24 && !x23 && !x22 && !x21 && !x20 && !x19 && !x18 && !x17 && !x16 && !x15 && !x14 && !x13 && !x12 && !x11 && !x10 && !x9 && !x8 && x7 && x6 && x5 && x4 && x3 && x2 && x1 && !x0 && flip) || (!x31 && !x30 && !x29 && !x28 && !x27 && !x26 && !x25 && !x24 && !x23 && !x22 && !x21 && !x20 && !x19 && !x18 && !x17 && !x16 && !x15 && !x14 && !x13 && !x12 && !x11 && !x10 && !x9 && x8 && !x7 && !x6 && !x5 && !x4 && x3 && x2 && x1 && !x0 && flip) || (!x31 && !x30 && !x29 && !x28 && !x27 && !x26 && !x25 && !x24 && !x23 && !x22 && !x21 && !x20 && !x19 && !x18 && !x17 && !x16 && !x15 && !x14 && !x13 && !x12 && !x11 && !x10 && !x9 && x8 && !x7 && !x6 && !x5 && x4 && !x3 && x2 && x1 && !x0 && flip) || (!x31 && !x30 && !x29 && !x28 && !x27 && !x26 && !x25 && !x24 && !x23 && !x22 && !x21 && !x20 && !x19 && !x18 && !x17 && !x16 && !x15 && !x14 && !x13 && !x12 && !x11 && !x10 && !x9 && x8 && !x7 && !x6 && x5 && !x4 && !x3 && x2 && !x1 && !x0 && flip) || (!x31 && !x30 && !x29 && !x28 && !x27 && !x26 && !x25 && !x24 && !x23 && !x22 && !x21 && !x20 && !x19 && !x18 && !x17 && !x16 && !x15 && !x14 && !x13 && !x12 && !x11 && !x10 && !x9 && x8 && !x7 && !x6 && !x5 && !x4 && x3 && !x2 && x1 && !x0 && flip) || (!x31 && !x30 && !x29 && !x28 && !x27 && !x26 && !x25 && !x24 && !x23 && !x22 && !x21 && !x20 && !x19 && !x18 && !x17 && !x16 && !x15 && !x14 && !x13 && !x12 && !x11 && !x10 && !x9 && x8 && !x7 && !x6 && !x5 && x4 && x3 && x2 && !x1 && x0 && flip) || (!x31 && !x30 && !x29 && !x28 && !x27 && !x26 && !x25 && !x24 && !x23 && !x22 && !x21 && !x20 && !x19 && !x18 && !x17 && !x16 && !x15 && !x14 && !x13 && !x12 && !x11 && !x10 && !x9 && x8 && !x7 && !x6 && !x5 && x4 && !x3 && !x2 && !x1 && x0 && flip) || (!x31 && !x30 && !x29 && !x28 && !x27 && !x26 && !x25 && !x24 && !x23 && !x22 && !x21 && !x20 && !x19 && !x18 && !x17 && !x16 && !x15 && !x14 && !x13 && !x12 && !x11 && !x10 && !x9 && x8 && !x7 && !x6 && x5 && !x4 && !x3 && !x2 && !x1 && x0 && flip) || (!x31 && !x30 && !x29 && !x28 && !x27 && !x26 && !x25 && !x24 && !x23 && !x22 && !x21 && !x20 && !x19 && !x18 && !x17 && !x16 && !x15 && !x14 && !x13 && !x12 && !x11 && !x10 && !x9 && x8 && !x7 && !x6 && x5 && !x4 && x3 && x2 && x1 && x0 && flip) || (!x31 && !x30 && !x29 && !x28 && !x27 && !x26 && !x25 && !x24 && !x23 && !x22 && !x21 && !x20 && !x19 && !x18 && !x17 && !x16 && !x15 && !x14 && !x13 && !x12 && !x11 && !x10 && !x9 && x8 && !x7 && !x6 && x5 && x4 && !x3 && x2 && x1 && !x0 && flip) || (!x31 && !x30 && !x29 && !x28 && !x27 && !x26 && !x25 && !x24 && !x23 && !x22 && !x21 && !x20 && !x19 && !x18 && !x17 && !x16 && !x15 && !x14 && !x13 && !x12 && !x11 && !x10 && !x9 && x8 && !x7 && !x6 && !x5 && x4 && x3 && !x2 && !x1 && !x0 && flip) || (!x31 && !x30 && !x29 && !x28 && !x27 && !x26 && !x25 && !x24 && !x23 && !x22 && !x21 && !x20 && !x19 && !x18 && !x17 && !x16 && !x15 && !x14 && !x13 && !x12 && !x11 && !x10 && !x9 && x8 && !x7 && !x6 && !x5 && x4 && x3 && x2 && !x1 && !x0 && flip) || (!x31 && !x30 && !x29 && !x28 && !x27 && !x26 && !x25 && !x24 && !x23 && !x22 && !x21 && !x20 && !x19 && !x18 && !x17 && !x16 && !x15 && !x14 && !x13 && !x12 && !x11 && !x10 && !x9 && x8 && !x7 && !x6 && x5 && !x4 && !x3 && !x2 && x1 && !x0 && flip) || (!x31 && !x30 && !x29 && !x28 && !x27 && !x26 && !x25 && !x24 && !x23 && !x22 && !x21 && !x20 && !x19 && !x18 && !x17 && !x16 && !x15 && !x14 && !x13 && !x12 && !x11 && !x10 && !x9 && !x8 && x7 && x6 && x5 && x4 && x3 && !x2 && x1 && x0 && flip) || (!x31 && !x30 && !x29 && !x28 && !x27 && !x26 && !x25 && !x24 && !x23 && !x22 && !x21 && !x20 && !x19 && !x18 && !x17 && !x16 && !x15 && !x14 && !x13 && !x12 && !x11 && !x10 && !x9 && x8 && !x7 && !x6 && !x5 && x4 && !x3 && x2 && !x1 && x0 && flip) || (!x31 && !x30 && !x29 && !x28 && 