{
    "Initial states": "(x == 251)",
    "Number of iterations": 1,
    "Epsilon": 0.05,
    "Eta": 0.05,
    "Delta": 0.1,
    "Total number of phases": 4,
    "Total number of splits": 13,
    "Total number of prune": 0,
    "Total DistEstimate time": 1.070073127746582,
    "Total Validifier time": 12.907219886779785,
    "Total TreeLearner time": 1.63816499710083,
    "Total time (seconds)": 15.615458011627197,
    "Final DistEstimate_value": 0.026666666666666616,
    "Final Validifier_value": 0.023333333333333334,
    "Height of final tree": 20,
    "Number of DNF terms in candidate": 1,
    "Final simplified candidate": "['flip = 1, x in [0, 8192)']",
    "Final candidate": "(!x14 && !x20 && !x21 && !x30 && !x26 && !x16 && flip && !x28 && !x27 && !x24 && !x22 && !x18 && !x29 && !x17 && !x15 && !x25 && !x19 && !x31 && !x23 && !x13)"
}