{
    "Initial states": "(x == 251)",
    "Number of iterations": 1,
    "Epsilon": 0.05,
    "Eta": 0.05,
    "Delta": 0.1,
    "Total number of phases": 6,
    "Total number of splits": 19,
    "Total number of prune": 0,
    "Total DistEstimate time": 0.9758431911468506,
    "Total Validifier time": 9.73024606704712,
    "Total TreeLearner time": 1.371384859085083,
    "Total time (seconds)": 12.077474117279053,
    "Final DistEstimate_value": 0.036666666666666625,
    "Final Validifier_value": 0.03666666666666667,
    "Height of final tree": 26,
    "Number of DNF terms in candidate": 1,
    "Final simplified candidate": "['flip = 1, x in [256, 384)']",
    "Final candidate": "(!x18 && !x31 && !x21 && !x27 && !x10 && !x9 && !x26 && !x24 && !x29 && flip && !x13 && !x11 && !x15 && !x14 && !x25 && !x23 && !x30 && !x12 && !x16 && !x20 && !x22 && !x17 && !x19 && !x28 && !x7 && x8)"
}