{
    "Initial states": "(x == 251)",
    "Number of iterations": 1,
    "Epsilon": 0.05,
    "Eta": 0.05,
    "Delta": 0.1,
    "Total number of phases": 1,
    "Total number of splits": 0,
    "Total number of prune": 0,
    "Total DistEstimate time": 0.18684124946594238,
    "Total Validifier time": 1.1541829109191895,
    "Total TreeLearner time": 0.0022161006927490234,
    "Total time (seconds)": 1.3432402610778809,
    "Final DistEstimate_value": 0.0,
    "Final Validifier_value": 0.0,
    "Height of final tree": 33,
    "Number of DNF terms in candidate": 4,
    "Final simplified candidate": "flip = 1, x in [251, 255)",
    "Final candidate": "(!x31 && !x30 && !x29 && !x28 && !x27 && !x26 && !x25 && !x24 && !x23 && !x22 && !x21 && !x20 && !x19 && !x18 && !x17 && !x16 && !x15 && !x14 && !x13 && !x12 && !x11 && !x10 && !x9 && !x8 && x7 && x6 && x5 && x4 && x3 && x2 && x1 && !x0 && flip) || (!x31 && !x30 && !x29 && !x28 && !x27 && !x26 && !x25 && !x24 && !x23 && !x22 && !x21 && !x20 && !x19 && !x18 && !x17 && !x16 && !x15 && !x14 && !x13 && !x12 && !x11 && !x10 && !x9 && !x8 && x7 && x6 && x5 && x4 && x3 && !x2 && x1 && x0 && flip) || (!x31 && !x30 && !x29 && !x28 && !x27 && !x26 && !x25 && !x24 && !x23 && !x22 && !x21 && !x20 && !x19 && !x18 && !x17 && !x16 && !x15 && !x14 && !x13 && !x12 && !x11 && !x10 && !x9 && !x8 && x7 && x6 && x5 && x4 && x3 && x2 && !x1 && x0 && flip) || (!x31 && !x30 && !x29 && !x28 && !x27 && !x26 && !x25 && !x24 && !x23 && !x22 && !x21 && !x20 && !x19 && !x18 && !x17 && !x16 && !x15 && !x14 && !x13 && !x12 && !x11 && !x10 && !x9 && !x8 && x7 && x6 && x5 && x4 && x3 && x2 && !x1 && !x0 && flip)"
}