{
    "Initial states": "(x == 251)",
    "Number of iterations": 1,
    "Epsilon": 0.05,
    "Eta": 0.05,
    "Delta": 0.1,
    "Total number of phases": 4,
    "Total number of splits": 11,
    "Total number of prune": 0,
    "Total DistEstimate time": 1.1338446140289307,
    "Total Validifier time": 12.652972936630249,
    "Total TreeLearner time": 1.4208180904388428,
    "Total time (seconds)": 15.207635641098022,
    "Final DistEstimate_value": 0.0050000000000000044,
    "Final Validifier_value": 0.006666666666666667,
    "Height of final tree": 17,
    "Number of DNF terms in candidate": 1,
    "Final simplified candidate": "['flip = 1, x in [0, 65536)']",
    "Final candidate": "(!x31 && !x24 && !x25 && !x19 && !x22 && !x29 && !x17 && !x30 && !x26 && flip && !x20 && !x16 && !x28 && !x21 && !x18 && !x27 && !x23)"
}