{
    "Initial states": "(x == 251)",
    "Number of iterations": 1,
    "Epsilon": 0.05,
    "Eta": 0.05,
    "Delta": 0.1,
    "Total number of phases": 6,
    "Total number of splits": 20,
    "Total number of prune": 0,
    "Total DistEstimate time": 1.7386972904205322,
    "Total Validifier time": 19.19554328918457,
    "Total TreeLearner time": 2.645606756210327,
    "Total time (seconds)": 23.57984733581543,
    "Final DistEstimate_value": 0.00666666666666671,
    "Final Validifier_value": 0.005,
    "Height of final tree": 25,
    "Number of DNF terms in candidate": 3,
    "Final simplified candidate": "flip = 1, x in [256, 1280)",
    "Final candidate": "(flip && !x11 && !x18 && !x27 && !x31 && !x12 && !x29 && !x13 && !x19 && !x21 && !x20 && !x17 && !x22 && !x26 && !x23 && !x24 && !x28 && !x25 && !x15 && !x14 && !x16 && !x30 && !x10 && !x8 && x9) || (flip && !x11 && !x18 && !x27 && !x31 && !x12 && !x29 && !x13 && !x19 && !x21 && !x20 && !x17 && !x22 && !x26 && !x23 && !x24 && !x28 && !x25 && !x15 && !x14 && !x16 && !x30 && !x10 && x8) || (flip && !x11 && !x18 && !x27 && !x31 && !x12 && !x29 && !x13 && !x19 && !x21 && !x20 && !x17 && !x22 && !x26 && !x23 && !x24 && !x28 && !x25 && !x15 && !x14 && !x16 && !x30 && x10 && !x9 && !x8)"
}