{
    "Initial states": "(x == 251)",
    "Number of iterations": 1,
    "Epsilon": 0.05,
    "Eta": 0.05,
    "Delta": 0.1,
    "Total number of phases": 4,
    "Total number of splits": 11,
    "Total number of prune": 0,
    "Total DistEstimate time": 1.1707749366760254,
    "Total Validifier time": 13.918025493621826,
    "Total TreeLearner time": 1.3865976333618164,
    "Total time (seconds)": 16.475398063659668,
    "Final DistEstimate_value": 0.0050000000000000044,
    "Final Validifier_value": 0.0033333333333333335,
    "Height of final tree": 18,
    "Number of DNF terms in candidate": 1,
    "Final simplified candidate": "['flip = 1, x in [0, 32768)']",
    "Final candidate": "(!x31 && !x30 && !x23 && !x26 && !x27 && !x19 && !x17 && !x25 && !x18 && !x20 && !x24 && !x29 && !x28 && !x22 && !x16 && !x21 && flip && !x15)"
}