{
    "Initial states": "(x == 0 && y == 0 && n == 64)",
    "Number of iterations": 64,
    "Epsilon": 0.05,
    "Eta": 0.05,
    "Delta": 0.1,
    "Total number of phases": 11,
    "Total number of splits": 170,
    "Total number of prune": 0,
    "Total DistEstimate time": 7.945898532867432,
    "Total Validifier time": 120.46149516105652,
    "Total TreeLearner time": 37.07686471939087,
    "Total time (seconds)": 165.48425841331482,
    "Final DistEstimate_value": 0.0,
    "Final Validifier_value": 0.025,
    "Height of final tree": 48,
    "Number of DNF terms in candidate": 28,
    "Final simplified candidate": "n = 0, (x,y) \u2208 {(19,45), (20,44), (21,43), (22,42), (23,41), (24,40), (25,39), (26,38), (27,37), (28,36), (29,35), (30,34), (31,33), (32,32), (33,31), (34,30), (35,29), (36,28), (37,27), (37,31), (38,26), (39,25), (40,24), (41,23), (42,22), (43,21), (44,20), (45,19), (48,16)}",
    "Final candidate": "(!n0 && !n1 && !n10 && !n11 && !n12 && !n13 && !n14 && !n15 && !n2 && !n3 && !n4 && !n5 && !n6 && !n7 && !n8 && !n9 && !x0 && !x1 && !x10 && !x11 && !x12 && !x13 && !x14 && !x15 && !x2 && !x3 && !x4 && !x6 && !x7 && !x8 && !x9 && !y0 && !y1 && !y10 && !y11 && !y12 && !y13 && !y14 && !y15 && !y2 && !y3 && !y4 && !y6 && !y7 && !y8 && !y9 && x5 && y5) || (!n0 && !n1 && !n10 && !n11 && !n12 && !n13 && !n14 && !n15 && !n2 && !n3 && !n4 && !n5 && !n6 && !n7 && !n8 && !n9 && !x0 && !x1 && !x10 && !x11 && !x12 && !x13 && !x14 && !x15 && !x5 && !x6 && !x7 && !x8 && !x9 && !y0 && !y1 && !y10 && !y11 && !y12 && !y13 && !y14 && !y15 && !y3 && !y4 && !y6 && !y7 && !y8 && !y9 && x2 && x3 && x4 && y2 && y5) || (!n0 && !n1 && !n10 && !n11 && !n12 && !n13 && !n14 && !n15 && !n2 && !n3 && !n4 && !n5 && !n6 && !n7 && !n8 && !n9 && !x0 && !x1 && !x10 && !x11 && !x12 && !x13 && !x14 && !x15 && !x2 && !x3 && !x6 && !x7 && !x8 && !x9 && !y0 && !y1 && !y10 && !y11 && !y12 && !y13 && !y14 && !y15 && !y2 && !y3 && !y5 && !y6 && !y7 && !y8 && !y9 && x4 && x5 && y4) || (!n0 && !n1 && !n10 && !n11 && !n12 && !n13 && !n14 && !n15 && !n2 && !n3 && !n4 && !n5 && !n6 && !n7 && !n8 && !n9 && !x0 && !x1 && !x10 && !x11 && !x12 && !x13 && !x14 && !x15 && !x4 && !x6 && !x7 && !x8 && !x9 && !y0 && !y1 && !y10 && !y11 && !y12 && !y13 && !y14 && !y15 && !y3 && !y5 && !y6 && !y7 && !y8 && !y9 && x2 && x3 && x5 && y2 && y4) || (!n0 && !n1 && !n10 && !n11 && !n12 && !n13 && !n14 && !n15 && !n2 && !n3 && !n4 && !n5 && !n6 && !n7 && !n8 && !n9 && !x0 && !x1 && !x10 && !x11 && !x12 && !x13 && !x14 && !x15 && !x2 && !x5 && !x6 && !x7 && !x8 && !x9 && !y0 && !y1 && !y10 && !y11 && !y12 && !y13 && !y14 && !y15 && !y2 && !y4 && !y6 && !y7 && !y8 && !y9 && x3 && x4 && y3 && y5) || (!n0 && !n1 && !n10 && !n11 && !n12 && !n13 && !n14 && !n15 && !n2 && !n3 && !n4 && !n5 && !n6 && !n7 && !n8 && !n9 && !x0 && !x1 && !x10 && !x11 && !x12 && !x13 && !x14 && !x15 && !x3 && !x5 && !x6 && !x7 && !x8 && !x9 && !y0 && !y1 && !y10 && !y11 && !y12 && !y13 && !y14 && !y15 && !y4 && !y6 && !y7 && !y8 && !y9 && x2 && x4 && y2 && y3 && y5) || (!n0 && !n1 && !n10 && !n11 && !n12 && !n13 && !n14 && !n15 && !n2 && !n3 && !n4 && !n5 && !n6 && !n7 && !n8 && !n9 && !x0 && !x1 && !x10 && !x11 && !x12 && !x13 && !x14 && !x15 && !x3 && !x4 && !x6 && !x7 && !x8 && !x9 && !y0 && !y1 && !y10 && !y11 && !y12 && !y13 && !y14 && !y15 && !y5 && !y6 && !y7 && !y8 && !y9 && x2 && x5 && y2 && y3 && y4) || (!n0 && !n1 && !n10 && !n11 && !n12 && !n13 && !n14 && !n15 && !n2 && !n3 && !n4 && !n5 && !n6 && !n7 && !n8 && !n9 && !x0 && !x1 && !x10 && !x11 && !x12 && !x13 && !x14 && !x15 && !x2 && !x4 && !x6 && !x7 && !x8 && !x9 && !y0 && !y1 && !y10 && !y11 && !y12 && !y13 && !y14 && !y15 && !y2 && !y5 && !y6 && !y7 && !y8 && !y9 && x3 && x5 && y3 && y4) || (!n0 && !n1 && !n10 && !n11 && !n12 && !n13 && !n14 && !n15 && !n2 && !n3 && !n4 && !n5 && !n6 && !n7 && !n8 && !n9 && !x10 && !x11 && !x12 && !x13 && !x14 && !x15 && !x2 && !x4 && !x6 && !x7 && !x8 && !x9 && !y1 && !y10 && !y11 && !y12 && !y13 && !y14 && !y15 && !y3 && !y5 && !y6 && !y7 && !y8 && !y9 && x0 && x1 && x3 && x5 && y0 && y2 && y4) || (!n0 && !n1 && !n10 && !n11 && !n12 && !n13 && !n14 && !n15 && !n2 && !n3 && !n4 && !n5 && !n6 && !n7 && !n8 && !n9 && !x10 && !x11 && !x12 && !x13 && !x14 && !x15 && !x3 && !x4 && !x6 && !x7 && !x8 && !x9 && !y1 && !y10 && !y11 && !y12 && !y13 && !y14 && !y15 && !y2 && !y5 && !y6 && !y7 && !y8 && !y9 && x0 && x1 && x2 && x5 && y0 && y3 && y4) || (!n0 && !n1 && !n10 && !n11 && !n12 && !n13 && !n14 && !n15 && !n2 && !n3 && !n4 && !n5 && !n6 && !n7 && !n8 && !n9 && !x10 && !x11 && !x12 && !x13 && !x14 && !x15 && !x2 && !x3 && !x4 && !x6 && !x7 && !x8 && !x9 && !y1 && !y10 && !y11 && !y12 && !y13 && !y14 && !y15 && !y5 && !y6 && !y7 && !y8 && !y9 && x0 && x1 && x5 && y0 && y2 && y3 && y4) || (!n0 && !n1 && !n10 && !n11 && !n12 && !n13 && !n14 && !n15 && !n2 && !n3 && !n4 && !n5 && !n6 && !n7 && !n8 && !n9 && !x10 && !x11 && !x12 && !x13 && !x14 && !x15 && !x2 && !x3 && !x5 && !x6 && !x7 && !x8 && !x9 && !y1 && !y10 && !y11 && !y12 && !y13 && !y14 && !y15 && !y4 && !y6 && !y7 && !y8 && !y9 && x0 && x1 && x4 && y0 && y2 && y3 && y5) || (!n0 && !n1 && !n10 && !n11 && !n12 && !n13 && !n14 && !n15 && !n2 && !n3 && !n4 && !n5 && !n6 && !n7 && !n8 && !n9 && !x10 && !x11 && !x12 && !x13 && !x14 && !x15 && !x3 && !x5 && !x6 && !x7 && !x8 && !x9 && !y1 && !y10 && !y11 && !y12 && !y13 && !y14 && !y15 && !y2 && !y4 && !y6 && !y7 && !y8 && !y9 && x0 && x1 && x2 && x4 && y0 && y3 && y5) || (!n0 && !n1 && !n10 && !n11 && !n12 && !n13 && !n14 && !n15 && !n2 && !n3 && !n4 && !n5 && !n6 && !n7 && !n8 && !n9 && !x10 && !x11 && !x12 && !x13 && !x14 && !x15 && !x5 && !x6 && !x7 && !x8 && !x9 && !y1 && !y10 && !y11 && !y12 && !y13 && !y14 && !y15 && !y2 && !y3 && !y4 && !y6 && !y7 && !y8 && !y9 && x0 && x1 && x2 && x3 && x4 && y0 && y5) || (!n0 && !n1 && !n10 && !n11 && !n12 && !n13 && !n14 && !n15 && !n2 && !n3 && !n4 && !n5 && !n6 && !n7 && !n8 && !n9 && !x10 && !x11 && !x12 && !x13 && !x14 && !x15 && !x2 && !x5 && !x6 && !x7 && !x8 && !x9 && !y1 && !y10 && !y11 && !y12 && !y13 && !y14 && !y15 && !y3 && !y4 && !y6 && !y7 && !y8 && !y9 && x0 && x1 && x3 && x4 && y0 && y2 && y5) || (!n0 && !n1 && !n10 && !n11 && !n12 && !n13 && !n14 && !n15 && !n2 && !n3 && !n4 && !n5 && !n6 && !n7 && !n8 && !n9 && !x0 && !x10 && !x11 && !x12 && !x13 && !x14 && !x15 && !x3 && !x5 && !x6 && !x7 && !x8 && !x9 && !y0 && !y10 && !y11 && !y12 && !y13 && !y14 && !y15 && !y2 && !y4 && !y6 && !y7 && !y8 && !y9 && x1 && x2 && x4 && y1 && y3 && y5) || (!n0 && !n1 && !n10 && !n11 && !n12 && !n13 && !n14 && !n15 && !n2 && !n3 && !n4 && !n5 && !n6 && !n7 && !n8 && !n9 && !x1 && !x10 && !x11 && !x12 && !x13 && !x14 && !x15 && !x3 && !x5 && !x6 && !x7 && !x8 && !x9 && !y10 && !y11 && !y12 && !y13 && !y14 && !y15 && !y2 && !y4 && !y6 && !y7 && !y8 && !y9 && x0 && x2 && x4 && y0 && y1 && y3 && y5) || (!n0 && !n1 && !n10 && !n11 && !n12 && !n13 && !n14 && !n15 && !n2 && !n3 && !n4 && !n5 && !n6 && !n7 && !n8 && !n9 && !x0 && !x10 && !x11 && !x12 && !x13 && !x14 && !x15 && !x5 && !x6 && !x7 && !x8 && !x9 && !y0 && !y10 && !y11 && !y12 && !y13 && !y14 && !y15 && !y2 && !y3 && !y4 && !y6 && !y7 && !y8 && !y9 && x1 && x2 && x3 && x4 && y1 && y5) || (!n0 && !n1 && !n10 && !n11 && !n12 && !n13 && !n14 && !n15 && !n2 && !n3 && !n4 && !n5 && !n6 && !n7 && !n8 && !n9 && !x1 && !x10 && !x11 && !x12 && !x13 && !x14 && !x15 && !x5 && !x6 && !x7 && !x8 && !x9 && !y10 && !y11 && !y12 && !y13 && !y14 && !y15 && !y2 && !y3 && !y4 && !y6 && !y7 && !y8 && !y9 && x0 && x2 && x3 && x4 && y0 && y1 && y5) || (!n0 && !n1 && !n10 && !n11 && !n12 && !n13 && !n14 && !n15 && !n2 && !n3 && !n4 && !n5 && !n6 && !n7 && !n8 && !n9 && !x0 && !x10 && !x11 && !x12 && !x13 && !x14 && !x15 && !x2 && !x5 && !x6 && !x7 && !x8 && !x9 && !y0 && !y10 && !y11 && !y12 && !y13 && !y14 && !y15 && !y3 && !y4 && !y6 && !y7 && !y8 && !y9 && x1 && x3 && x4 && y1 && y2 && y5) || (!n0 && !n1 && !n10 && !n11 && !n12 && !n13 && !n14 && 