{
    "Initial states": "(x == 0 && y == 0 && n == 64)",
    "Number of iterations": 64,
    "Epsilon": 0.05,
    "Eta": 0.05,
    "Delta": 0.1,
    "Total number of phases": 7,
    "Total number of splits": 127,
    "Total number of prune": 0,
    "Total DistEstimate time": 4.703317165374756,
    "Total Validifier time": 76.04303193092346,
    "Total TreeLearner time": 23.777101516723633,
    "Total time (seconds)": 104.52345061302185,
    "Final DistEstimate_value": 0.043333333333333335,
    "Final Validifier_value": 0.02666666666666667,
    "Height of final tree": 48,
    "Number of DNF terms in candidate": 21,
    "Final simplified candidate": "n = 0, (x,y) \u2208 {(20,44), (21,43), (22,42), (23,41), (24,40), (25,39), (26,38), (27,37), (28,36), (29,35), (30,34), (31,33), (32,32), (33,31), (34,30), (35,29), (36,28), (37,26), (37,27), (38,26), (39,25), (40,24), (41,23), (42,22), (43,21)}",
    "Final candidate": "(!n0 && !n1 && !n10 && !n11 && !n12 && !n13 && !n14 && !n15 && !n2 && !n3 && !n4 && !n5 && !n6 && !n7 && !n8 && !n9 && !x0 && !x10 && !x11 && !x12 && !x13 && !x14 && !x15 && !x2 && !x5 && !x6 && !x7 && !x8 && !x9 && !y0 && !y10 && !y11 && !y12 && !y13 && !y14 && !y15 && !y3 && !y4 && !y6 && !y7 && !y8 && !y9 && x1 && x3 && x4 && y1 && y2 && y5) || (!n0 && !n1 && !n10 && !n11 && !n12 && !n13 && !n14 && !n15 && !n2 && !n3 && !n4 && !n5 && !n6 && !n7 && !n8 && !n9 && !x10 && !x11 && !x12 && !x13 && !x14 && !x15 && !x2 && !x5 && !x6 && !x7 && !x8 && !x9 && !y1 && !y10 && !y11 && !y12 && !y13 && !y14 && !y15 && !y3 && !y4 && !y6 && !y7 && !y8 && !y9 && x0 && x1 && x3 && x4 && y0 && y2 && y5) || (!n0 && !n1 && !n10 && !n11 && !n12 && !n13 && !n14 && !n15 && !n2 && !n3 && !n4 && !n5 && !n6 && !n7 && !n8 && !n9 && !x0 && !x10 && !x11 && !x12 && !x13 && !x14 && !x15 && !x5 && !x6 && !x7 && !x8 && !x9 && !y0 && !y10 && !y11 && !y12 && !y13 && !y14 && !y15 && !y2 && !y3 && !y4 && !y6 && !y7 && !y8 && !y9 && x1 && x2 && x3 && x4 && y1 && y5) || (!n0 && !n1 && !n10 && !n11 && !n12 && !n13 && !n14 && !n15 && !n2 && !n3 && !n4 && !n5 && !n6 && !n7 && !n8 && !n9 && !x0 && !x1 && !x10 && !x11 && !x12 && !x13 && !x14 && !x15 && !x5 && !x6 && !x7 && !x8 && !x9 && !y0 && !y1 && !y10 && !y11 && !y12 && !y13 && !y14 && !y15 && !y3 && !y4 && !y6 && !y7 && !y8 && !y9 && x2 && x3 && x4 && y2 && y5) || (!n0 && !n1 && !n10 && !n11 && !n12 && !n13 && !n14 && !n15 && !n2 && !n3 && !n4 && !n5 && !n6 && !n7 && !n8 && !n9 && !x1 && !x10 && !x11 && !x12 && !x13 && !x14 && !x15 && !x5 && !x6 && !x7 && !x8 && !x9 && !y10 && !y11 && !y12 && !y13 && !y14 && !y15 && !y2 && !y3 && !y4 && !y6 && !y7 && !y8 && !y9 && x0 && x2 && x3 && x4 && y0 && y1 && y5) || (!n0 && !n1 && !n10 && !n11 && !n12 && !n13 && !n14 && !n15 && !n2 && !n3 && !n4 && !n5 && !n6 && !n7 && !n8 && !n9 && !x10 && !x11 && !x12 && !x13 && !x14 && !x15 && !x5 && !x6 && !x7 && !x8 && !x9 && !y1 && !y10 && !y11 && !y12 && !y13 && !y14 && !y15 && !y2 && !y3 && !y4 && !y6 && !y7 && !y8 && !y9 && x0 && x1 && x2 && x3 && x4 && y0 && y5) || (!n0 && !n1 && !n10 && !n11 && !n12 && !n13 && !n14 && !n15 && !n2 && !n3 && !n4 && !n5 && !n6 && !n7 && !n8 && !n9 && !x0 && !x1 && !x10 && !x11 && !x12 && !x13 && !x14 && !x15 && !x2 && !x3 && !x4 && !x6 && !x7 && !x8 && !x9 && !y0 && !y1 && !y10 && !y11 && !y12 && !y13 && !y14 && !y15 && !y2 && !y3 && !y4 && !y6 && !y7 && !y8 && !y9 && x5 && y5) || (!n0 && !n1 && !n10 && !n11 && !n12 && !n13 && !n14 && !n15 && !n2 && !n3 && !n4 && !n5 && !n6 && !n7 && !n8 && !n9 && !x0 && !x1 && !x10 && !x11 && !x12 && !x13 && !x14 && !x15 && !x2 && !x5 && !x6 && !x7 && !x8 && !x9 && !y0 && !y1 && !y10 && !y11 && !y12 && !y13 && !y14 && !y15 && !y2 && !y4 && !y6 && !y7 && !y8 && !y9 && x3 && x4 && y3 && y5) || (!n0 && !n1 && !n10 && !n11 && !n12 && !n13 && !n14 && !n15 && !n2 && !n3 && !n4 && !n5 && !n6 && !n7 && !n8 && !n9 && !x0 && !x10 && !x11 && !x12 && !x13 && !x14 && !x15 && !x3 && !x5 && !x6 && !x7 && !x8 && !x9 && !y0 && !y10 && !y11 && !y12 && !y13 && !y14 && !y15 && !y2 && !y4 && !y6 && !y7 && !y8 && !y9 && x1 && x2 && x4 && y1 && y3 && y5) || (!n0 && !n1 && !n10 && !n11 && !n12 && !n13 && !n14 && !n15 && !n2 && !n3 && !n4 && !n5 && !n6 && !n7 && !n8 && !n9 && !x10 && !x11 && !x12 && !x13 && !x14 && !x15 && !x3 && !x5 && !x6 && !x7 && !x8 && !x9 && !y1 && !y10 && !y11 && !y12 && !y13 && !y14 && !y15 && !y2 && !y4 && !y6 && !y7 && !y8 && !y9 && x0 && x1 && x2 && x4 && y0 && y3 && y5) || (!n0 && !n1 && !n10 && !n11 && !n12 && !n13 && !n14 && !n15 && !n2 && !n3 && !n4 && !n5 && !n6 && !n7 && !n8 && !n9 && !x0 && !x1 && !x10 && !x11 && !x12 && !x13 && !x14 && !x15 && !x3 && !x5 && !x6 && !x7 && !x8 && !x9 && !y0 && !y1 && !y10 && !y11 && !y12 && !y13 && !y14 && !y15 && !y4 && !y6 && !y7 && !y8 && !y9 && x2 && x4 && y2 && y3 && y5) || (!n0 && !n1 && !n10 && !n11 && !n12 && !n13 && !n14 && !n15 && !n2 && !n3 && !n4 && !n5 && !n6 && !n7 && !n8 && !n9 && !x1 && !x10 && !x11 && !x12 && !x13 && !x14 && !x15 && !x2 && !x4 && !x6 && !x7 && !x8 && !x9 && !y10 && !y11 && !y12 && !y13 && !y14 && !y15 && !y3 && !y5 && !y6 && !y7 && !y8 && !y9 && x0 && x3 && x5 && y0 && y1 && y2 && y4) || (!n0 && !n1 && !n10 && !n11 && !n12 && !n13 && !n14 && !n15 && !n2 && !n3 && !n4 && !n5 && !n6 && !n7 && !n8 && !n9 && !x0 && !x10 && !x11 && !x12 && !x13 && !x14 && !x15 && !x2 && !x4 && !x6 && !x7 && !x8 && !x9 && !y0 && !y10 && !y11 && !y12 && !y13 && !y14 && !y15 && !y3 && !y5 && !y6 && !y7 && !y8 && !y9 && x1 && x3 && x5 && y1 && y2 && y4) || (!n0 && !n1 && !n10 && !n11 && !n12 && !n13 && !n14 && !n15 && !n2 && !n3 && !n4 && !n5 && !n6 && !n7 && !n8 && !n9 && !x10 && !x11 && !x12 && !x13 && !x14 && !x15 && !x2 && !x4 && !x6 && !x7 && !x8 && !x9 && !y1 && !y10 && !y11 && !y12 && !y13 && !y14 && !y15 && !y3 && !y5 && !y6 && !y7 && !y8 && !y9 && x0 && x1 && x3 && x5 && y0 && y2 && y4) || (!n0 && !n1 && !n10 && !n11 && !n12 && !n13 && !n14 && !n15 && !n2 && !n3 && !n4 && !n5 && !n6 && !n7 && !n8 && !n9 && !x0 && !x10 && !x11 && !x12 && !x13 && !x14 && !x15 && !x2 && !x3 && !x4 && !x6 && !x7 && !x8 && !x9 && !y0 && !y10 && !y11 && !y12 && !y13 && !y14 && !y15 && !y5 && !y6 && !y7 && !y8 && !y9 && x1 && x5 && y1 && y2 && y3 && y4) || (!n0 && !n1 && !n10 && !n11 && !n12 && !n13 && !n14 && !n15 && !n2 && !n3 && !n4 && !n5 && !n6 && !n7 && !n8 && !n9 && !x1 && !x10 && !x11 && !x12 && !x13 && !x14 && !x15 && !x2 && !x3 && !x4 && !x6 && !x7 && !x8 && !x9 && !y10 && !y11 && !y12 && !y13 && !y14 && !y15 && !y5 && !y6 && !y7 && !y8 && !y9 && x0 && x5 && y0 && y1 && y2 && y3 && y4) || (!n0 && !n1 && !n10 && !n11 && !n12 && !n13 && !n14 && !n15 && !n2 && !n3 && !n4 && !n5 && !n6 && !n7 && !n8 && !n9 && !x10 && !x11 && !x12 && !x13 && !x14 && !x15 && !x2 && !x3 && !x4 && !x6 && !x7 && !x8 && !x9 && !y1 && !y10 && !y11 && !y12 && !y13 && !y14 && !y15 && !y5 && !y6 && !y7 && !y8 && !y9 && x0 && x1 && x5 && y0 && y2 && y3 && y4) || (!n0 && !n1 && !n10 && !n11 && !n12 && !n13 && !n14 && !n15 && !n2 && !n3 && !n4 && !n5 && !n6 && !n7 && !n8 && !n9 && !x0 && !x1 && !x10 && !x11 && !x12 && !x13 && !x14 && !x15 && !x3 && !x4 && !x6 && !x7 && !x8 && !x9 && !y0 && !y1 && !y10 && !y11 && !y12 && !y13 && !y14 && !y15 && !y5 && !y6 && !y7 && !y8 && !y9 && x2 && x5 && y2 && y3 && y4) || (!n0 && !n1 && !n10 && !n11 && !n12 && !n13 && !n14 && !n15 && !n2 && !n3 && !n4 && !n5 && !n6 && !n7 && !n8 && !n9 && !x10 && !x11 && !x12 && !x13 && !x14 && !x15 && !x3 && !x4 && !x6 && !x7 && !x8 && !x9 && !y1 && !y10 && !y11 && !y12 && !y13 && !y14 && !y15 && !y2 && !y5 && !y6 && !y7 && !y8 && !y9 && x0 && x1 && x2 && x5 && y0 && y3 && y4) || (!n0 && !n1 && !n10 && !n11 && !n12 && !n13 && !n14 && !n15 && !n2 && !n3 && !n4 && !n5 && !n6 && !n7 && !n8 && !n9 && !x0 && !x10 && !x11 && !x12 && !x13 && !x14 && !x15 && !x3 && !x4 && !x6 && !x7 && !x8 && !x9 && !y0 && !y10 && !y11 && !y12 && !y13 && !y14 && !y15 && !y2 && !y5 && !y6 && !y7 && !y8 && !y9 && x1 && x2 && x5 && y1 && y3 && y4) || (!n0 && !n1 && !n10 && !n11 && !n12 && !n13 && !n14 && !n15 && !n2 && 